name,value
X1,0.22544850778879888
X2,-0.27025982443733715
X3,-0.20594353672511434
X4,0.40419540896182
X5,-0.6532765756083262
X6,0.3549724500921201
X7,0.09936093172538661
X8,0.19932507886095568
X9,0.18835441484186516
X10,-0.05620425242649312
X11,-0.09526004449355184
X12,-0.12352841947395923
X13,-0.2401795339792272
X14,0.0366231215488019
X15,0.48230884619096137
"X1,X2",1.855485706792975
"X1,X3",-0.0743067810620003
"X1,X4",-0.07876384322232377
"X1,X5",-0.45313101292474406
"X1,X6",-0.23015320460224628
"X1,X7",-0.21822478284059266
"X1,X8",0.07721984993206424
"X1,X9",-0.14780144636476114
"X1,X10",-0.3347313046291512
"X1,X11",0.0816739190121713
"X1,X12",0.02359660426301597
"X1,X13",-0.5802730328082575
"X1,X14",0.17203633698700346
"X1,X15",0.3424873207553966
"X2,X3",-0.5445929643964417
"X2,X4",0.12851314951837392
"X2,X5",-0.03263474397420651
"X2,X6",-0.18477731323005697
"X2,X7",-0.3197856217755136
"X2,X8",-0.08232729922805165
"X2,X9",0.2950251499953083
"X2,X10",-0.5391465394313452
"X2,X11",-0.07422274994921094
"X2,X12",-0.017637490405526757
"X2,X13",0.038447799460147654
"X2,X14",-0.7937110095830712
"X2,X15",-0.14674550038036044
"X3,X4",1.9565034079564874
"X3,X5",-0.16217067647824593
"X3,X6",0.2962758705065306
"X3,X7",-0.33174259465515255
"X3,X8",0.1976701381288764
"X3,X9",0.02860701471281865
"X3,X10",0.10581830539097382
"X3,X11",-0.231284687943047
"X3,X12",0.0223334718434646
"X3,X13",-0.1273218847844937
"X3,X14",-0.3263292224957771
"X3,X15",0.1328475571753874
"X4,X5",-0.4419362213817129
"X4,X6",-0.3137779657384919
"X4,X7",0.10617974748146904
"X4,X8",-0.49559379956559546
"X4,X9",0.18437119551926004
"X4,X10",-0.1189977596832676
"X4,X11",-0.0965274326425139
"X4,X12",-0.03443842266686317
"X4,X13",-0.14503158083070505
"X4,X14",-0.5485487901611934
"X4,X15",-0.12312178428374054
"X5,X6",2.577929357016213
"X5,X7",-0.32181373851738987
"X5,X8",-0.3910722137692263
"X5,X9",0.7118426489768525
"X5,X10",0.2997103016340101
"X5,X11",-0.4354427811729046
"X5,X12",-0.4583947005445989
"X5,X13",-0.2126401812559967
"X5,X14",-0.5546995284355372
"X5,X15",0.2583881463311871
"X6,X7",-0.2076034044609002
"X6,X8",-0.4672592651465527
"X6,X9",-0.6620328392922222
"X6,X10",-0.06569390821711275
"X6,X11",-0.4420618926007118
"X6,X12",-0.2235556454133358
"X6,X13",-0.7607172043087015
"X6,X14",-0.4971477403978488
"X6,X15",-0.06283027291813258
"X7,X8",1.8363421637590867
"X7,X9",0.09117194127878109
"X7,X10",0.3591809053679773
"X7,X11",0.2502336575557539
"X7,X12",0.0948661647759764
"X7,X13",-0.25394204495944417
"X7,X14",-0.22921530253344763
"X7,X15",-0.1093841666461681
"X8,X9",-0.2959971448947277
"X8,X10",-0.29373743396372615
"X8,X11",0.008396494349539907
"X8,X12",-0.2734364623210514
"X8,X13",0.039873052526380924
"X8,X14",0.26854551157907525
"X8,X15",0.15685503810601772
"X9,X10",1.538576935351343
"X9,X11",0.004453174222473856
"X9,X12",-0.35019598324718126
"X9,X13",0.05706763347975285
"X9,X14",-0.3592397734103705
"X9,X15",-0.17641241693158907
"X10,X11",-0.22029905964745425
"X10,X12",0.16871925726789277
"X10,X13",-0.4476381737045908
"X10,X14",-0.21926204948758757
"X10,X15",-0.6594303432236425
"X11,X12",2.4770532314265283
"X11,X13",0.1697799482373328
"X11,X14",-0.7201842474740067
"X11,X15",-0.2561499710660204
"X12,X13",-0.7894683273155666
"X12,X14",-0.5228945927126738
"X12,X15",-0.19685279499506814
"X13,X14",2.928487707145896
"X13,X15",-0.007752653043647679
"X14,X15",0.3699766654602807
"X1,X2,X3",-0.01078330763995612
"X1,X2,X4",-0.14672029091005853
"X1,X2,X5",-0.17366935266586248
"X1,X2,X6",-0.5698346061204531
"X1,X2,X7",0.2624202520700559
"X1,X2,X8",-0.16063131866403904
"X1,X2,X9",-0.30949229949442275
"X1,X2,X10",-0.381422956944526
"X1,X2,X11",0.46306571707747396
"X1,X2,X12",0.17900881340366123
"X1,X2,X13",-0.297913424738036
"X1,X2,X14",-0.028420968708233418
"X1,X2,X15",-0.22257933635756694
"X1,X3,X4",-0.2088281243813552
"X1,X3,X5",0.5080222992253948
"X1,X3,X6",0.3004541930976696
"X1,X3,X7",0.41176789752012455
"X1,X3,X8",-0.34575221442448434
"X1,X3,X9",-0.09202723978505807
"X1,X3,X10",0.15031673086709557
"X1,X3,X11",0.09126986859654412
"X1,X3,X12",0.2218014316506115
"X1,X3,X13",-0.033432523451803454
"X1,X3,X14",-0.019708091463744276
"X1,X3,X15",-0.17073008273256346
"X1,X4,X5",-0.0245874368721403
"X1,X4,X6",0.1728676864215256
"X1,X4,X7",0.3575219921386724
"X1,X4,X8",-0.1727458115225002
"X1,X4,X9",-0.31240109617580114
"X1,X4,X10",-0.18973780097592713
"X1,X4,X11",0.09698540087661073
"X1,X4,X12",0.013072735694694838
"X1,X4,X13",0.07119923039823942
"X1,X4,X14",0.2049849524376229
"X1,X4,X15",-0.037386513682767894
"X1,X5,X6",0.36636261722125346
"X1,X5,X7",0.32928900131856176
"X1,X5,X8",-0.007048907271154177
"X1,X5,X9",0.2557514598011156
"X1,X5,X10",-0.09397936295583319
"X1,X5,X11",-0.02624729720199274
"X1,X5,X12",0.155817718749333
"X1,X5,X13",0.3171976188299669
"X1,X5,X14",-0.023069860446795667
"X1,X5,X15",0.33962085639904105
"X1,X6,X7",0.10409624296112995
"X1,X6,X8",0.12194703423650467
"X1,X6,X9",-0.11737091463321546
"X1,X6,X10",-0.027402884895490566
"X1,X6,X11",-0.16987931008060714
"X1,X6,X12",0.11197060276689606
"X1,X6,X13",-0.2132120641155173
"X1,X6,X14",0.08808736814145564
"X1,X6,X15",0.06760392251161254
"X1,X7,X8",0.11117394477501073
"X1,X7,X9",-0.0898066111783022
"X1,X7,X10",-0.12173182758543828
"X1,X7,X11",0.1782189234156827
"X1,X7,X12",0.3996674250771882
"X1,X7,X13",0.0003971777608504194
"X1,X7,X14",-0.09378750504439319
"X1,X7,X15",-0.09302858010063818
"X1,X8,X9",-0.2119273310304198
"X1,X8,X10",-0.1717972458058863
"X1,X8,X11",0.1289123360296925
"X1,X8,X12",-0.09632812351203694
"X1,X8,X13",-0.1564549537241173
"X1,X8,X14",0.115006585555126
"X1,X8,X15",-0.162052293911644
"X1,X9,X10",0.12266218506894395
"X1,X9,X11",-0.07901638888320847
"X1,X9,X12",-0.20913343625817896
"X1,X9,X13",-0.09516300948137488
"X1,X9,X14",0.20115007471603147
"X1,X9,X15",-0.261281762769062
"X1,X10,X11",-0.2746897920502727
"X1,X10,X12",0.2978870482486483
"X1,X10,X13",-0.44135480394158266
"X1,X10,X14",-0.045827454690418976
"X1,X10,X15",-0.343048926921897
"X1,X11,X12",0.21844861868400178
"X1,X11,X13",-0.02882158981843628
"X1,X11,X14",0.35147837859195397
"X1,X11,X15",-0.2280114181897398
"X1,X12,X13",-0.06309599948856853
"X1,X12,X14",0.21851544842916598
"X1,X12,X15",0.07282425850402903
"X1,X13,X14",0.45921326282210423
"X1,X13,X15",0.1976977075950373
"X1,X14,X15",-0.2092422195728057
"X2,X3,X4",0.3296867958972115
"X2,X3,X5",0.33963346972579955
"X2,X3,X6",0.33546442368648566
"X2,X3,X7",0.26110006011051573
"X2,X3,X8",0.11759769373637864
"X2,X3,X9",0.07224648024681568
"X2,X3,X10",0.18587025678485558
"X2,X3,X11",-0.14177387488931695
"X2,X3,X12",-0.03013139424012591
"X2,X3,X13",-0.12200556815805969
"X2,X3,X14",-0.27498459723252633
"X2,X3,X15",-0.03404578239282191
"X2,X4,X5",-0.3328448820563423
"X2,X4,X6",-0.040695249071555126
"X2,X4,X7",-0.10770773127406784
"X2,X4,X8",0.12103124955515643
"X2,X4,X9",0.08335125451618176
"X2,X4,X10",-0.2984110164729791
"X2,X4,X11",0.12470793526229026
"X2,X4,X12",-0.08977023053353599
"X2,X4,X13",-0.49805189033408703
"X2,X4,X14",0.04612795439147192
"X2,X4,X15",-0.23656302332424115
"X2,X5,X6",0.516364440893015
"X2,X5,X7",0.2508764417191411
"X2,X5,X8",-0.2152909860299938
"X2,X5,X9",0.059020797158915006
"X2,X5,X10",-0.43872681046726875
"X2,X5,X11",0.13619803855826265
"X2,X5,X12",0.034522879944562906
"X2,X5,X13",-0.15786316220452212
"X2,X5,X14",-0.024990252893224936
"X2,X5,X15",0.19985656174122265
"X2,X6,X7",-0.11285644655128503
"X2,X6,X8",0.1544805842720591
"X2,X6,X9",-0.05081372874998878
"X2,X6,X10",-0.09568580035856206
"X2,X6,X11",-0.28204445907028103
"X2,X6,X12",0.10325553920350163
"X2,X6,X13",-0.3296112607605016
"X2,X6,X14",-0.11465003644798875
"X2,X6,X15",-0.0642237202367188
"X2,X7,X8",0.4868752271989763
"X2,X7,X9",0.006379222104279196
"X2,X7,X10",0.02065559472690766
"X2,X7,X11",0.023205058036035456
"X2,X7,X12",-0.20137509045901197
"X2,X7,X13",-0.22992583295445035
"X2,X7,X14",-0.12255792994856923
"X2,X7,X15",-0.13043980813402922
"X2,X8,X9",-0.25513934003088545
"X2,X8,X10",0.2006472263554626
"X2,X8,X11",0.04035084624585216
"X2,X8,X12",0.034543564251345804
"X2,X8,X13",0.022621692974334293
"X2,X8,X14",0.010216151978137814
"X2,X8,X15",0.23239286623395966
"X2,X9,X10",0.48175507864009376
"X2,X9,X11",-0.1288175829357425
"X2,X9,X12",-0.4293975980564994
"X2,X9,X13",-0.4433737461946176
"X2,X9,X14",-0.11298761103533655
"X2,X9,X15",-0.1348172782153638
"X2,X10,X11",-0.2533481220014944
"X2,X10,X12",-0.04245887791587344
"X2,X10,X13",0.0014153262435270754
"X2,X10,X14",0.28054607488864663
"X2,X10,X15",-0.1737431966703804
"X2,X11,X12",0.20224212990861543
"X2,X11,X13",0.06046890076475597
"X2,X11,X14",-0.02285656553752495
"X2,X11,X15",-0.1743001479628174
"X2,X12,X13",-0.4089587549547425
"X2,X12,X14",-0.10780128191334638
"X2,X12,X15",0.06980719405238754
"X2,X13,X14",0.37512343542798626
"X2,X13,X15",-0.06732778406115693
"X2,X14,X15",0.09967237707076998
"X3,X4,X5",-0.0860366247474465
"X3,X4,X6",0.13242307121347946
"X3,X4,X7",0.12460436603213436
"X3,X4,X8",-0.3094064135968996
"X3,X4,X9",-0.13932729713543765
"X3,X4,X10",-0.225048977614133
"X3,X4,X11",0.29028129908422784
"X3,X4,X12",-0.26589242761421267
"X3,X4,X13",-0.3102794539434593
"X3,X4,X14",0.10957521675407023
"X3,X4,X15",-0.3469044350351144
"X3,X5,X6",0.45657738501954404
"X3,X5,X7",0.3091775075941807
"X3,X5,X8",0.3568725241121108
"X3,X5,X9",0.2885364974001299
"X3,X5,X10",0.33681655560261914
"X3,X5,X11",0.5059315139348142
"X3,X5,X12",0.2224868958605826
"X3,X5,X13",0.476678447592613
"X3,X5,X14",0.39559980343500917
"X3,X5,X15",0.37609897457513336
"X3,X6,X7",0.0972579476465002
"X3,X6,X8",-0.04512634271356438
"X3,X6,X9",-0.03459707290366147
"X3,X6,X10",0.39967029218443917
"X3,X6,X11",0.21851644400218714
"X3,X6,X12",0.35848782753391345
"X3,X6,X13",0.006020409252660723
"X3,X6,X14",-0.0774833893267852
"X3,X6,X15",-0.04329308584132767
"X3,X7,X8",-0.18229869614851632
"X3,X7,X9",-0.15497168126964017
"X3,X7,X10",0.3702274045368409
"X3,X7,X11",-0.2045126530789265
"X3,X7,X12",0.042281364047915895
"X3,X7,X13",-0.09412760119550226
"X3,X7,X14",0.03013231688336414
"X3,X7,X15",0.36497555749528987
"X3,X8,X9",-0.2945507745357146
"X3,X8,X10",0.06323273668848114
"X3,X8,X11",0.19080626897265224
"X3,X8,X12",0.0916399930040261
"X3,X8,X13",-0.0023920250567518167
"X3,X8,X14",0.08858639983386521
"X3,X8,X15",-0.34923531543675657
"X3,X9,X10",0.2651048158698197
"X3,X9,X11",0.1037789362449659
"X3,X9,X12",0.006999907171050002
"X3,X9,X13",0.126963365468526
"X3,X9,X14",-0.13368084106586045
"X3,X9,X15",-0.19030468888726118
"X3,X10,X11",0.11647871338359599
"X3,X10,X12",0.08075170069226088
"X3,X10,X13",0.24583929270302124
"X3,X10,X14",0.05965743088388928
"X3,X10,X15",-0.0691848844451261
"X3,X11,X12",0.107632182925256
"X3,X11,X13",0.10374613489049175
"X3,X11,X14",0.07247913362899125
"X3,X11,X15",0.026148216293783392
"X3,X12,X13",-0.1049843900173525
"X3,X12,X14",-0.21525676239951033
"X3,X12,X15",0.4001172055725908
"X3,X13,X14",0.11326781866569864
"X3,X13,X15",0.17567586769935484
"X3,X14,X15",0.06790816205898198
"X4,X5,X6",0.10875813647311931
"X4,X5,X7",-0.03488451393687664
"X4,X5,X8",0.0903154981920775
"X4,X5,X9",-0.05979306150100268
"X4,X5,X10",-0.34163054757427347
"X4,X5,X11",0.05793341868917063
"X4,X5,X12",-0.13179492118588132
"X4,X5,X13",0.05651487855332231
"X4,X5,X14",0.34353844493406827
"X4,X5,X15",-0.041031596060689894
"X4,X6,X7",0.010167347544933996
"X4,X6,X8",0.13308047048509852
"X4,X6,X9",0.39990897025799127
"X4,X6,X10",0.05985712441811693
"X4,X6,X11",-0.0661383393382926
"X4,X6,X12",-0.04127250286916164
"X4,X6,X13",0.37823333007106325
"X4,X6,X14",-0.051399359438445785
"X4,X6,X15",-0.06491287013564982
"X4,X7,X8",0.26154450841096544
"X4,X7,X9",0.14628009105202808
"X4,X7,X10",-0.045453205079530774
"X4,X7,X11",0.13512515674926404
"X4,X7,X12",0.15808858625078162
"X4,X7,X13",-0.12178905164505599
"X4,X7,X14",0.18137896070014012
"X4,X7,X15",-0.1491528423104477
"X4,X8,X9",0.06934478767683405
"X4,X8,X10",0.3030120321658145
"X4,X8,X11",0.22388899068540277
"X4,X8,X12",-0.18184388561007497
"X4,X8,X13",0.19698598198669573
"X4,X8,X14",0.4843580321478623
"X4,X8,X15",0.043434789498167516
"X4,X9,X10",0.306503860222569
"X4,X9,X11",0.162457789723744
"X4,X9,X12",-0.24752411016642262
"X4,X9,X13",0.1033027001962683
"X4,X9,X14",-0.06254653031501088
"X4,X9,X15",-0.11807702480426549
"X4,X10,X11",-0.04268859087054251
"X4,X10,X12",-0.31290058375551083
"X4,X10,X13",-0.09067869139923852
"X4,X10,X14",0.25631369945139054
"X4,X10,X15",-0.04932715052473002
"X4,X11,X12",-0.16377824599423735
"X4,X11,X13",0.08948103162812227
"X4,X11,X14",0.0808128685424382
"X4,X11,X15",0.05798464031814404
"X4,X12,X13",-0.07928515542735443
"X4,X12,X14",-0.16968951300850946
"X4,X12,X15",-0.1849517035175785
"X4,X13,X14",0.05565854784683459
"X4,X13,X15",0.2590688093587235
"X4,X14,X15",0.15541861309449492
"X5,X6,X7",0.4615919650049414
"X5,X6,X8",-0.31924453461721164
"X5,X6,X9",0.06378832344274891
"X5,X6,X10",-0.3265829633972971
"X5,X6,X11",0.36466137386380654
"X5,X6,X12",0.25064232712783935
"X5,X6,X13",0.46378216614191375
"X5,X6,X14",0.16536819331882233
"X5,X6,X15",-0.21457284453549944
"X5,X7,X8",0.017467138548195166
"X5,X7,X9",0.20687717314202758
"X5,X7,X10",-0.2426221243668727
"X5,X7,X11",-1.8776424825556106e-05
"X5,X7,X12",-0.14236397600380984
"X5,X7,X13",0.26855463703989774
"X5,X7,X14",0.10537000429683595
"X5,X7,X15",-0.054069702376262324
"X5,X8,X9",-0.5828306197145924
"X5,X8,X10",-0.07000579993242485
"X5,X8,X11",0.005325553831531594
"X5,X8,X12",0.026081240963596097
"X5,X8,X13",-0.12600932238029272
"X5,X8,X14",-0.08246507725969701
"X5,X8,X15",0.3297555979506684
"X5,X9,X10",-0.1135909184354245
"X5,X9,X11",0.06218392222390315
"X5,X9,X12",0.0046907412983226305
"X5,X9,X13",-0.30241497608677576
"X5,X9,X14",0.03526197560583084
"X5,X9,X15",0.16476292376435753
"X5,X10,X11",-0.21303092370852564
"X5,X10,X12",-0.3309068577828269
"X5,X10,X13",0.046068759325509114
"X5,X10,X14",-0.19990862156690523
"X5,X10,X15",0.16253223914091214
"X5,X11,X12",-0.305031061885661
"X5,X11,X13",0.1997233757737065
"X5,X11,X14",-0.04315572694770338
"X5,X11,X15",0.08553320133012401
"X5,X12,X13",-0.10477333555217404
"X5,X12,X14",0.012605052863518153
"X5,X12,X15",0.14395937295889477
"X5,X13,X14",0.0423171339985986
"X5,X13,X15",0.24206679343677806
"X5,X14,X15",0.13544345259008475
"X6,X7,X8",-0.16107533947084698
"X6,X7,X9",0.18968435250584012
"X6,X7,X10",-0.2962924099850411
"X6,X7,X11",-0.3219111441266507
"X6,X7,X12",-0.1044559394999076
"X6,X7,X13",-0.23093200561318653
"X6,X7,X14",0.04611358173931263
"X6,X7,X15",0.27774072732314714
"X6,X8,X9",-0.2871450895997626
"X6,X8,X10",0.09541072243997245
"X6,X8,X11",-0.058389685385880095
"X6,X8,X12",0.2161164050158199
"X6,X8,X13",-0.02317996222766766
"X6,X8,X14",0.31974082484675415
"X6,X8,X15",0.2639130151482006
"X6,X9,X10",-0.056734314997141946
"X6,X9,X11",-0.4089549540099199
"X6,X9,X12",-0.18532955006608184
"X6,X9,X13",-0.028989702246684852
"X6,X9,X14",0.03414692509947959
"X6,X9,X15",0.10867466001628932
"X6,X10,X11",0.06636794103582222
"X6,X10,X12",-0.08069331319005142
"X6,X10,X13",0.06025583741780988
"X6,X10,X14",-0.0881795484058713
"X6,X10,X15",-0.0959374542313622
"X6,X11,X12",-0.5640591076208143
"X6,X11,X13",-0.2542074183617982
"X6,X11,X14",-0.24423304321612088
"X6,X11,X15",-0.07571153443918736
"X6,X12,X13",0.10447480540975869
"X6,X12,X14",-0.0045128257627277
"X6,X12,X15",0.08700115197233077
"X6,X13,X14",0.0038452285938013328
"X6,X13,X15",0.48332880806615275
"X6,X14,X15",-0.11786955073463419
"X7,X8,X9",-0.19341899659245368
"X7,X8,X10",-0.2783386056700311
"X7,X8,X11",0.32377818438389233
"X7,X8,X12",0.09065018309637614
"X7,X8,X13",-0.19689959539870905
"X7,X8,X14",-0.13615022913789449
"X7,X8,X15",-0.36676336828187867
"X7,X9,X10",0.4141917880067191
"X7,X9,X11",0.31432126111097436
"X7,X9,X12",-0.2027728017758224
"X7,X9,X13",0.08296924035010202
"X7,X9,X14",-0.34572135493616574
"X7,X9,X15",-0.29185111273938275
"X7,X10,X11",0.019174631435823094
"X7,X10,X12",0.2812996176673456
"X7,X10,X13",-0.0788355506856742
"X7,X10,X14",0.24745035421417055
"X7,X10,X15",0.21863164037205607
"X7,X11,X12",-0.2594601730967946
"X7,X11,X13",-0.29394990507416735
"X7,X11,X14",0.16394446796595785
"X7,X11,X15",-0.12047864173105013
"X7,X12,X13",-0.40854754900365864
"X7,X12,X14",0.36433195614283476
"X7,X12,X15",-0.264499308611509
"X7,X13,X14",0.06533434413186359
"X7,X13,X15",0.0757182254381519
"X7,X14,X15",0.07647983236831507
"X8,X9,X10",0.06142176977400683
"X8,X9,X11",0.2642530713738959
"X8,X9,X12",-0.09820762129613009
"X8,X9,X13",-0.15350392124322118
"X8,X9,X14",-0.054195005356170944
"X8,X9,X15",-0.37063660559459105
"X8,X10,X11",0.26130766149846807
"X8,X10,X12",0.34546996253928713
"X8,X10,X13",0.21992469500557799
"X8,X10,X14",0.3895529122245714
"X8,X10,X15",0.18776415157735174
"X8,X11,X12",-0.1323131019368732
"X8,X11,X13",0.06339472476981547
"X8,X11,X14",0.4447614805729664
"X8,X11,X15",-0.114858542329087
"X8,X12,X13",-0.19691346519048478
"X8,X12,X14",0.12515852313272413
"X8,X12,X15",0.10884737355563742
"X8,X13,X14",-0.01207758296843932
"X8,X13,X15",-0.38589923563476475
"X8,X14,X15",0.06422912576454039
"X9,X10,X11",0.27445302669706506
"X9,X10,X12",0.24187590753774413
"X9,X10,X13",0.05321581007300339
"X9,X10,X14",-0.09593141962844495
"X9,X10,X15",0.03270735272333663
"X9,X11,X12",-0.4907388301551378
"X9,X11,X13",0.018996796463961022
"X9,X11,X14",-0.009845777979973852
"X9,X11,X15",-0.1198155110887706
"X9,X12,X13",-0.3306855911282991
"X9,X12,X14",-0.24583652379948887
"X9,X12,X15",-0.35858520755603773
"X9,X13,X14",0.19279556391338146
"X9,X13,X15",-0.15730930159670994
"X9,X14,X15",-0.42055556293316054
"X10,X11,X12",-0.0023802055348110616
"X10,X11,X13",-0.010069753897537214
"X10,X11,X14",-0.0011690904375052597
"X10,X11,X15",0.10305100280468352
"X10,X12,X13",-0.4217968008775028
"X10,X12,X14",-0.3078736315946186
"X10,X12,X15",0.24040848095492914
"X10,X13,X14",0.07815511828610279
"X10,X13,X15",0.405646839737908
"X10,X14,X15",0.32965264890741924
"X11,X12,X13",-0.4341117382811654
"X11,X12,X14",-0.38703819385799226
"X11,X12,X15",-0.6425150947789545
"X11,X13,X14",0.8528747970471313
"X11,X13,X15",0.06965422664285736
"X11,X14,X15",0.28036773967739237
"X12,X13,X14",-0.27717252028355527
"X12,X13,X15",-0.10982434084324907
"X12,X14,X15",0.3289968421291962
"X13,X14,X15",-0.27199067157476337
"X1,X2,X3,X4",0.3789742737676902
"X1,X2,X3,X5",0.048992753086406625
"X1,X2,X3,X6",0.1496367358644322
"X1,X2,X3,X7",0.12342322510980497
"X1,X2,X3,X8",-0.0119985931428291
"X1,X2,X3,X9",0.1517734532348834
"X1,X2,X3,X10",-0.018036595470523033
"X1,X2,X3,X11",0.035074632005562996
"X1,X2,X3,X12",0.33333877717211724
"X1,X2,X3,X13",0.0059374867150497656
"X1,X2,X3,X14",0.0635830126301313
"X1,X2,X3,X15",0.26763573720029876
"X1,X2,X4,X5",0.05637682560006691
"X1,X2,X4,X6",0.11689388667188103
"X1,X2,X4,X7",0.31181487254755463
"X1,X2,X4,X8",0.11260192585452619
"X1,X2,X4,X9",0.16870462543049705
"X1,X2,X4,X10",0.03255341607078381
"X1,X2,X4,X11",0.34212053910033985
"X1,X2,X4,X12",0.09944984204052647
"X1,X2,X4,X13",0.21663334696813022
"X1,X2,X4,X14",0.1934042096823674
"X1,X2,X4,X15",0.2695098052821991
"X1,X2,X5,X6",0.5320332615891489
"X1,X2,X5,X7",0.06752773419308467
"X1,X2,X5,X8",0.09816972059270618
"X1,X2,X5,X9",0.31362777015493976
"X1,X2,X5,X10",0.12623574263872311
"X1,X2,X5,X11",0.12485575979788129
"X1,X2,X5,X12",0.023267888641882936
"X1,X2,X5,X13",0.17809591816455383
"X1,X2,X5,X14",0.09216803048448871
"X1,X2,X5,X15",0.28747984521161096
"X1,X2,X6,X7",0.029608733191910905
"X1,X2,X6,X8",0.020695866215900076
"X1,X2,X6,X9",0.1460952024890475
"X1,X2,X6,X10",0.2142094770353144
"X1,X2,X6,X11",0.07275260907895864
"X1,X2,X6,X12",0.13737685856718063
"X1,X2,X6,X13",0.09057756704462397
"X1,X2,X6,X14",0.11559979406103604
"X1,X2,X6,X15",0.22896267794803155
"X1,X2,X7,X8",0.3126254568430278
"X1,X2,X7,X9",0.14129327181571338
"X1,X2,X7,X10",-0.0167051335043545
"X1,X2,X7,X11",0.3189188797837889
"X1,X2,X7,X12",0.3322620852954981
"X1,X2,X7,X13",-0.0064543399496132465
"X1,X2,X7,X14",-0.01071403115840066
"X1,X2,X7,X15",0.04943948876516138
"X1,X2,X8,X9",0.2165808389722662
"X1,X2,X8,X10",0.03344808822661397
"X1,X2,X8,X11",0.26168988761090445
"X1,X2,X8,X12",0.09459360916490178
"X1,X2,X8,X13",0.13872898348972978
"X1,X2,X8,X14",0.14576788570807075
"X1,X2,X8,X15",0.3310367620773126
"X1,X2,X9,X10",0.3777580959276395
"X1,X2,X9,X11",0.2504034787081532
"X1,X2,X9,X12",0.24500214741899004
"X1,X2,X9,X13",0.3270336182572131
"X1,X2,X9,X14",0.3669060447452748
"X1,X2,X9,X15",0.08301157823997499
"X1,X2,X10,X11",0.09104868244619024
"X1,X2,X10,X12",0.12450527913375095
"X1,X2,X10,X13",-0.03053518617882341
"X1,X2,X10,X14",0.12036660013200044
"X1,X2,X10,X15",-0.051213324042768855
"X1,X2,X11,X12",0.653941904238352
"X1,X2,X11,X13",0.09174866031764899
"X1,X2,X11,X14",0.026945908184176498
"X1,X2,X11,X15",0.13209266701917294
"X1,X2,X12,X13",0.08609808126846225
"X1,X2,X12,X14",0.2508726700372733
"X1,X2,X12,X15",0.2806950325626095
"X1,X2,X13,X14",0.5887267007563255
"X1,X2,X13,X15",0.19885914889416975
"X1,X2,X14,X15",0.3365476327811084
"X1,X3,X4,X5",0.12696679358088336
"X1,X3,X4,X6",0.3175721555339453
"X1,X3,X4,X7",0.24350493941551965
"X1,X3,X4,X8",0.21398313149658754
"X1,X3,X4,X9",0.21096684692271875
"X1,X3,X4,X10",0.1795103751385618
"X1,X3,X4,X11",0.14706597234404137
"X1,X3,X4,X12",0.18019227512966898
"X1,X3,X4,X13",0.18860662231613906
"X1,X3,X4,X14",0.17789690739320357
"X1,X3,X4,X15",0.1281316290622726
"X1,X3,X5,X6",0.31880972340651936
"X1,X3,X5,X7",-0.24199677780635126
"X1,X3,X5,X8",-0.14090518569622174
"X1,X3,X5,X9",-0.0797862695195871
"X1,X3,X5,X10",-0.06625487947854347
"X1,X3,X5,X11",-0.1225735533963736
"X1,X3,X5,X12",-0.15547142021974322
"X1,X3,X5,X13",-0.0985836414299644
"X1,X3,X5,X14",-0.2510754701657992
"X1,X3,X5,X15",-0.10461764495430699
"X1,X3,X6,X7",-0.15912351491698914
"X1,X3,X6,X8",0.07816252691816672
"X1,X3,X6,X9",-0.3532674144866605
"X1,X3,X6,X10",-0.005503581319735903
"X1,X3,X6,X11",-0.04651631084961121
"X1,X3,X6,X12",-0.09570508128225255
"X1,X3,X6,X13",-0.07760386006332672
"X1,X3,X6,X14",0.03480686909765764
"X1,X3,X6,X15",0.2114542050928394
"X1,X3,X7,X8",0.24886302217532305
"X1,X3,X7,X9",-0.030092597917981054
"X1,X3,X7,X10",-0.006505024300457633
"X1,X3,X7,X11",-0.02770749256041943
"X1,X3,X7,X12",0.07048685194331952
"X1,X3,X7,X13",-0.24154221904097123
"X1,X3,X7,X14",-0.09103058375876363
"X1,X3,X7,X15",-0.06031764016103509
"X1,X3,X8,X9",-0.013424680637707806
"X1,X3,X8,X10",0.015178107004007995
"X1,X3,X8,X11",0.007111511703133034
"X1,X3,X8,X12",0.08126343944692564
"X1,X3,X8,X13",-0.05272376660460359
"X1,X3,X8,X14",0.0023258099117517313
"X1,X3,X8,X15",0.14948391650571932
"X1,X3,X9,X10",0.16783591620942928
"X1,X3,X9,X11",-0.07533326343322751
"X1,X3,X9,X12",-0.1409260222673154
"X1,X3,X9,X13",-0.1882553562692055
"X1,X3,X9,X14",-0.07939144876504207
"X1,X3,X9,X15",0.020711265928426027
"X1,X3,X10,X11",-0.053496610460103955
"X1,X3,X10,X12",-0.1165925380869227
"X1,X3,X10,X13",-0.2455845881347204
"X1,X3,X10,X14",-0.12157571650205667
"X1,X3,X10,X15",-0.05102254590953979
"X1,X3,X11,X12",0.26909641323074535
"X1,X3,X11,X13",-0.15103010590812108
"X1,X3,X11,X14",-0.28771081312939717
"X1,X3,X11,X15",-0.1384088371085534
"X1,X3,X12,X13",-0.2658803763480394
"X1,X3,X12,X14",-0.11771812506313847
"X1,X3,X12,X15",0.004093703136121887
"X1,X3,X13,X14",0.28345751830932037
"X1,X3,X13,X15",-0.05206674808411565
"X1,X3,X14,X15",0.2345545884784244
"X1,X4,X5,X6",0.2471911466387969
"X1,X4,X5,X7",-0.31533669748081955
"X1,X4,X5,X8",-0.3023328082942202
"X1,X4,X5,X9",-0.04200777556323244
"X1,X4,X5,X10",-0.09220538242756197
"X1,X4,X5,X11",-0.008166659233162687
"X1,X4,X5,X12",-0.2646634285515791
"X1,X4,X5,X13",-0.3150719866433198
"X1,X4,X5,X14",-0.2345964140974522
"X1,X4,X5,X15",-0.04235022485498797
"X1,X4,X6,X7",-0.019808331421888162
"X1,X4,X6,X8",-0.10413814041593908
"X1,X4,X6,X9",-0.020223440621065347
"X1,X4,X6,X10",-0.037083252641052084
"X1,X4,X6,X11",0.11162726683902176
"X1,X4,X6,X12",0.011519444904642087
"X1,X4,X6,X13",-0.13398463440255187
"X1,X4,X6,X14",-0.17256577724240818
"X1,X4,X6,X15",-0.02581584968788006
"X1,X4,X7,X8",0.003952487729115075
"X1,X4,X7,X9",-0.16004269094411314
"X1,X4,X7,X10",-0.047808136252937526
"X1,X4,X7,X11",0.07216831170136352
"X1,X4,X7,X12",0.030287007654288708
"X1,X4,X7,X13",-0.2362523941177023
"X1,X4,X7,X14",-0.16315511040902414
"X1,X4,X7,X15",-0.1385045947685087
"X1,X4,X8,X9",-0.15463443135601207
"X1,X4,X8,X10",-0.27055951861815797
"X1,X4,X8,X11",-0.09165794157559044
"X1,X4,X8,X12",-0.04695494332511849
"X1,X4,X8,X13",-0.10981765625842868
"X1,X4,X8,X14",-0.0535761809294821
"X1,X4,X8,X15",0.08790499088501712
"X1,X4,X9,X10",0.37182860593132955
"X1,X4,X9,X11",-0.06571080559152392
"X1,X4,X9,X12",-0.0036743043291455058
"X1,X4,X9,X13",-0.03603753483457318
"X1,X4,X9,X14",0.08042475591057818
"X1,X4,X9,X15",-0.09064036339672521
"X1,X4,X10,X11",-0.015256774512141589
"X1,X4,X10,X12",-0.06848231791804517
"X1,X4,X10,X13",-0.18977738674965425
"X1,X4,X10,X14",-0.1817257272557806
"X1,X4,X10,X15",-0.13800440941588665
"X1,X4,X11,X12",0.3946476548719445
"X1,X4,X11,X13",-0.1553945453201369
"X1,X4,X11,X14",-0.23704458912163173
"X1,X4,X11,X15",0.031222220683522164
"X1,X4,X12,X13",-0.23953667588406666
"X1,X4,X12,X14",0.022697244192761937
"X1,X4,X12,X15",0.06797768746594081
"X1,X4,X13,X14",0.17414036630545124
"X1,X4,X13,X15",-0.052910030398317515
"X1,X4,X14,X15",-0.09433395629797134
"X1,X5,X6,X7",0.020198153603068363
"X1,X5,X6,X8",0.12790135541661354
"X1,X5,X6,X9",0.3232903056720276
"X1,X5,X6,X10",0.32448273580699505
"X1,X5,X6,X11",0.285568563351807
"X1,X5,X6,X12",0.15816619390777414
"X1,X5,X6,X13",0.18623342135843807
"X1,X5,X6,X14",0.1611775313907596
"X1,X5,X6,X15",0.33578086916109184
"X1,X5,X7,X8",0.06812796920961782
"X1,X5,X7,X9",0.05095511336705163
"X1,X5,X7,X10",0.014647417889583627
"X1,X5,X7,X11",-0.03169893644146644
"X1,X5,X7,X12",-0.1818365927452694
"X1,X5,X7,X13",-0.17108898994114877
"X1,X5,X7,X14",-0.35201903437870535
"X1,X5,X7,X15",-0.13753345321794558
"X1,X5,X8,X9",-0.2496039708352534
"X1,X5,X8,X10",-0.3472443864579579
"X1,X5,X8,X11",-0.03744203302003748
"X1,X5,X8,X12",-0.3929703631780813
"X1,X5,X8,X13",-0.3051600725831344
"X1,X5,X8,X14",-0.22892601447070365
"X1,X5,X8,X15",0.013225222558708375
"X1,X5,X9,X10",0.1896498338286291
"X1,X5,X9,X11",0.10382501820682523
"X1,X5,X9,X12",-0.13072461797382887
"X1,X5,X9,X13",-0.2266846574796964
"X1,X5,X9,X14",-0.19546206167663593
"X1,X5,X9,X15",0.015619747903752083
"X1,X5,X10,X11",-0.05097827215982316
"X1,X5,X10,X12",-0.13597300540087848
"X1,X5,X10,X13",-0.27609403516022285
"X1,X5,X10,X14",-0.2859921328819395
"X1,X5,X10,X15",-0.05988327426473806
"X1,X5,X11,X12",0.09717382474427756
"X1,X5,X11,X13",-0.18660499969366698
"X1,X5,X11,X14",-0.40825566524647033
"X1,X5,X11,X15",-0.023261348600097567
"X1,X5,X12,X13",-0.4650117553507323
"X1,X5,X12,X14",-0.14360966568321704
"X1,X5,X12,X15",-0.059894296264985054
"X1,X5,X13,X14",0.080204742632601
"X1,X5,X13,X15",-0.11783899714701343
"X1,X5,X14,X15",0.08485965316737784
"X1,X6,X7,X8",0.1806979910979497
"X1,X6,X7,X9",-0.1760656146157591
"X1,X6,X7,X10",-0.0734484751311614
"X1,X6,X7,X11",-0.04745196328942484
"X1,X6,X7,X12",-0.2164039406588789
"X1,X6,X7,X13",-0.2838986371604559
"X1,X6,X7,X14",-0.0701069275416585
"X1,X6,X7,X15",-0.037564705207252816
"X1,X6,X8,X9",-0.2867910641340888
"X1,X6,X8,X10",-0.09976131594764036
"X1,X6,X8,X11",0.07535480420150613
"X1,X6,X8,X12",-0.24869121556246188
"X1,X6,X8,X13",-0.1462015691123538
"X1,X6,X8,X14",-0.07981621127132896
"X1,X6,X8,X15",0.10166506884775828
"X1,X6,X9,X10",0.11930764655572203
"X1,X6,X9,X11",-0.16159048100747755
"X1,X6,X9,X12",-0.3337571049532575
"X1,X6,X9,X13",-0.2344678587740628
"X1,X6,X9,X14",-0.09066500204278441
"X1,X6,X9,X15",-0.21316439638330292
"X1,X6,X10,X11",-0.0013361536002122138
"X1,X6,X10,X12",-0.04566181773222581
"X1,X6,X10,X13",-0.09904048551323655
"X1,X6,X10,X14",0.07851774519992105
"X1,X6,X10,X15",-0.014715246511355891
"X1,X6,X11,X12",0.24934592284654097
"X1,X6,X11,X13",-0.2277048740211632
"X1,X6,X11,X14",-0.14716138341641688
"X1,X6,X11,X15",0.04318639514781694
"X1,X6,X12,X13",-0.3036132491367098
"X1,X6,X12,X14",-0.08654747568100536
"X1,X6,X12,X15",0.09871703396208474
"X1,X6,X13,X14",0.13846469154805988
"X1,X6,X13,X15",-0.036580941131348625
"X1,X6,X14,X15",0.09315409921540202
"X1,X7,X8,X9",0.11614191609738757
"X1,X7,X8,X10",0.15656121431259548
"X1,X7,X8,X11",0.28205300112005327
"X1,X7,X8,X12",0.06787493330152675
"X1,X7,X8,X13",0.056775801199471246
"X1,X7,X8,X14",0.055710669898271684
"X1,X7,X8,X15",0.2064766480035334
"X1,X7,X9,X10",0.32760724290170745
"X1,X7,X9,X11",-0.06823879100699615
"X1,X7,X9,X12",-0.2639336639081432
"X1,X7,X9,X13",-0.06094527383570908
"X1,X7,X9,X14",0.07442935410159676
"X1,X7,X9,X15",-0.07235053179934954
"X1,X7,X10,X11",0.03822503424598656
"X1,X7,X10,X12",-0.0799177860883445
"X1,X7,X10,X13",-0.23861048383650432
"X1,X7,X10,X14",-0.04957111961458668
"X1,X7,X10,X15",-0.10896370843987503
"X1,X7,X11,X12",0.43198473422023176
"X1,X7,X11,X13",-0.13029757123150482
"X1,X7,X11,X14",-0.16282196771300123
"X1,X7,X11,X15",-0.0685517067344278
"X1,X7,X12,X13",-0.25764473127980375
"X1,X7,X12,X14",-0.09506379247880554
"X1,X7,X12,X15",-0.04332934220993688
"X1,X7,X13,X14",0.14251659348831128
"X1,X7,X13,X15",-0.04326008213890617
"X1,X7,X14,X15",0.04155173530098565
"X1,X8,X9,X10",0.16329093284284443
"X1,X8,X9,X11",-0.13322645229891106
"X1,X8,X9,X12",-0.0361882855724193
"X1,X8,X9,X13",-0.27203551480522403
"X1,X8,X9,X14",-0.14572039770124404
"X1,X8,X9,X15",-0.033912780483617094
"X1,X8,X10,X11",-0.016514189929026955
"X1,X8,X10,X12",-0.15771153087623574
"X1,X8,X10,X13",-0.3032748759169945
"X1,X8,X10,X14",-0.06317906626531565
"X1,X8,X10,X15",0.016681229573491937
"X1,X8,X11,X12",0.25459503512546366
"X1,X8,X11,X13",-0.15878970830895955
"X1,X8,X11,X14",-0.042323923502280945
"X1,X8,X11,X15",0.050723919240825394
"X1,X8,X12,X13",-0.17136364152010278
"X1,X8,X12,X14",-0.010964674978982358
"X1,X8,X12,X15",0.03468643457640873
"X1,X8,X13,X14",0.24453259520624374
"X1,X8,X13,X15",0.02730149877484126
"X1,X8,X14,X15",0.3083687345473197
"X1,X9,X10,X11",0.26042281144557
"X1,X9,X10,X12",0.1343860547259862
"X1,X9,X10,X13",0.10757413701245658
"X1,X9,X10,X14",0.21946076645495247
"X1,X9,X10,X15",0.07448338425339392
"X1,X9,X11,X12",0.10725495817152117
"X1,X9,X11,X13",-0.07910172972118075
"X1,X9,X11,X14",-0.11931480161805809
"X1,X9,X11,X15",-0.016070809907782566
"X1,X9,X12,X13",-0.30482029246681225
"X1,X9,X12,X14",0.11356859856521562
"X1,X9,X12,X15",-0.06123709199011279
"X1,X9,X13,X14",0.17024697774321523
"X1,X9,X13,X15",-0.016559620744753305
"X1,X9,X14,X15",0.04485610289449414
"X1,X10,X11,X12",0.27521991288778885
"X1,X10,X11,X13",-0.2589701229911155
"X1,X10,X11,X14",-0.22704589055577373
"X1,X10,X11,X15",-0.09623696575165595
"X1,X10,X12,X13",-0.34062606593720196
"X1,X10,X12,X14",-0.025579582150542485
"X1,X10,X12,X15",-0.052784088556010064
"X1,X10,X13,X14",0.112989681349631
"X1,X10,X13,X15",-0.11364508718329587
"X1,X10,X14,X15",0.054033120912296645
"X1,X11,X12,X13",-0.09639043851763927
"X1,X11,X12,X14",0.23301823408282613
"X1,X11,X12,X15",0.3338983894589
"X1,X11,X13,X14",0.09117435906718875
"X1,X11,X13,X15",0.10880664994546087
"X1,X11,X14,X15",0.07698508604140242
"X1,X12,X13,X14",0.2318330796494188
"X1,X12,X13,X15",-0.2524428579325103
"X1,X12,X14,X15",0.1945304217767611
"X1,X13,X14,X15",0.4486671590001965
"X2,X3,X4,X5",0.06479229560178122
"X2,X3,X4,X6",0.15260027624414108
"X2,X3,X4,X7",0.1222550994847535
"X2,X3,X4,X8",0.0982679904283648
"X2,X3,X4,X9",0.1061863060813895
"X2,X3,X4,X10",0.04296886297278774
"X2,X3,X4,X11",0.008822878975575463
"X2,X3,X4,X12",0.10099654098336208
"X2,X3,X4,X13",0.028651136271272633
"X2,X3,X4,X14",-0.03266685280687177
"X2,X3,X4,X15",0.07208046753815484
"X2,X3,X5,X6",0.26481400518207626
"X2,X3,X5,X7",-0.19006118284450244
"X2,X3,X5,X8",-0.1828015462492267
"X2,X3,X5,X9",0.07724055670917768
"X2,X3,X5,X10",-0.16703560720652946
"X2,X3,X5,X11",-0.07783774373797343
"X2,X3,X5,X12",-0.08293226649522113
"X2,X3,X5,X13",-0.04973686029755992
"X2,X3,X5,X14",-0.2230202750944063
"X2,X3,X5,X15",-0.03293968204223748
"X2,X3,X6,X7",-0.2529369139701804
"X2,X3,X6,X8",-0.28257632562406865
"X2,X3,X6,X9",-0.336909431724924
"X2,X3,X6,X10",-0.051963416556885134
"X2,X3,X6,X11",-0.17795687143938432
"X2,X3,X6,X12",-0.20308326415606423
"X2,X3,X6,X13",-0.06138370202315396
"X2,X3,X6,X14",-0.15133002523251465
"X2,X3,X6,X15",-0.07422753025130857
"X2,X3,X7,X8",-0.07164621090338266
"X2,X3,X7,X9",-0.2776303064494827
"X2,X3,X7,X10",-0.19215299523434726
"X2,X3,X7,X11",-0.4543523478834614
"X2,X3,X7,X12",-0.31231726600409065
"X2,X3,X7,X13",-0.3348712246397027
"X2,X3,X7,X14",-0.3397217877190777
"X2,X3,X7,X15",-0.2315934719442855
"X2,X3,X8,X9",-0.13059284665941284
"X2,X3,X8,X10",-0.20166050766854113
"X2,X3,X8,X11",-0.16063666428646747
"X2,X3,X8,X12",-0.08534198958185582
"X2,X3,X8,X13",-0.1139922969503551
"X2,X3,X8,X14",-0.10720804309534723
"X2,X3,X8,X15",0.00526317628711473
"X2,X3,X9,X10",0.014991538936446022
"X2,X3,X9,X11",-0.10525756395070869
"X2,X3,X9,X12",-0.11059138832166628
"X2,X3,X9,X13",-0.015140694706291606
"X2,X3,X9,X14",-0.20983346327751246
"X2,X3,X9,X15",-0.25862900496203967
"X2,X3,X10,X11",-0.2193166959596885
"X2,X3,X10,X12",-0.07395771168876722
"X2,X3,X10,X13",0.03558538303891735
"X2,X3,X10,X14",-0.1581622300089845
"X2,X3,X10,X15",-0.252026622797721
"X2,X3,X11,X12",0.0775084578680591
"X2,X3,X11,X13",-0.02050041009491991
"X2,X3,X11,X14",-0.5023243215982159
"X2,X3,X11,X15",-0.07081397691480455
"X2,X3,X12,X13",-0.14590794695231146
"X2,X3,X12,X14",-0.3655764136258221
"X2,X3,X12,X15",-0.01702385344732477
"X2,X3,X13,X14",0.2534105741951314
"X2,X3,X13,X15",-0.006417201676898156
"X2,X3,X14,X15",-0.0016421013103754814
"X2,X4,X5,X6",0.06381976000315003
"X2,X4,X5,X7",-0.18155978118166943
"X2,X4,X5,X8",-0.20045938025929091
"X2,X4,X5,X9",0.09212460770148301
"X2,X4,X5,X10",-0.16672470908052409
"X2,X4,X5,X11",-0.2159403441320424
"X2,X4,X5,X12",-0.12366263018062953
"X2,X4,X5,X13",-0.14714731769440487
"X2,X4,X5,X14",-0.30551098540132754
"X2,X4,X5,X15",-0.010069823139247657
"X2,X4,X6,X7",-0.06257377591250925
"X2,X4,X6,X8",-0.2689983142108681
"X2,X4,X6,X9",-0.09672398458976995
"X2,X4,X6,X10",0.013216651555994689
"X2,X4,X6,X11",-0.18726937111975378
"X2,X4,X6,X12",-0.015887753817580466
"X2,X4,X6,X13",-0.07495732829711085
"X2,X4,X6,X14",-0.3609025758915089
"X2,X4,X6,X15",-0.09878815482904263
"X2,X4,X7,X8",0.3671849336632932
"X2,X4,X7,X9",-0.11170563826745485
"X2,X4,X7,X10",-0.14247220324392487
"X2,X4,X7,X11",-0.13030365328432011
"X2,X4,X7,X12",-0.11015194826845709
"X2,X4,X7,X13",-0.10442882844661341
"X2,X4,X7,X14",-0.19933632236081195
"X2,X4,X7,X15",-0.19645789812742662
"X2,X4,X8,X9",-0.09740612060712292
"X2,X4,X8,X10",-0.2738090858375987
"X2,X4,X8,X11",-0.016014620301453113
"X2,X4,X8,X12",-0.13691330406990787
"X2,X4,X8,X13",0.026033313097341873
"X2,X4,X8,X14",-0.19327375922131043
"X2,X4,X8,X15",-0.046646981950287845
"X2,X4,X9,X10",0.3497813543424245
"X2,X4,X9,X11",-0.01526685616123529
"X2,X4,X9,X12",-0.19490937583374013
"X2,X4,X9,X13",0.06821662259154863
"X2,X4,X9,X14",-0.1038662944798826
"X2,X4,X9,X15",-0.1515796168412108
"X2,X4,X10,X11",-0.12495916010536809
"X2,X4,X10,X12",-0.025140190688086036
"X2,X4,X10,X13",-0.09213196447059897
"X2,X4,X10,X14",-0.23476049279627145
"X2,X4,X10,X15",-0.18340627591578132
"X2,X4,X11,X12",0.3934254643001585
"X2,X4,X11,X13",-0.15434923884625468
"X2,X4,X11,X14",-0.48408634661449634
"X2,X4,X11,X15",-0.1158473668996348
"X2,X4,X12,X13",-0.12756063106112547
"X2,X4,X12,X14",-0.26762415123285704
"X2,X4,X12,X15",-0.10731570999801958
"X2,X4,X13,X14",0.17056993457653846
"X2,X4,X13,X15",-0.024980430425083976
"X2,X4,X14,X15",-0.1547420595383718
"X2,X5,X6,X7",0.26024855046534345
"X2,X5,X6,X8",-0.16056404186421858
"X2,X5,X6,X9",0.41990262739683004
"X2,X5,X6,X10",0.26910112122525687
"X2,X5,X6,X11",0.2588946784285648
"X2,X5,X6,X12",0.23947744298797877
"X2,X5,X6,X13",0.281345989602251
"X2,X5,X6,X14",0.04929764039671666
"X2,X5,X6,X15",0.15559904890999207
"X2,X5,X7,X8",-0.04425454938687242
"X2,X5,X7,X9",0.13512768568181868
"X2,X5,X7,X10",-0.15021033266682945
"X2,X5,X7,X11",-0.10750567822369018
"X2,X5,X7,X12",-0.1685366177767859
"X2,X5,X7,X13",-0.10103173821422473
"X2,X5,X7,X14",-0.3612008550916423
"X2,X5,X7,X15",-0.1082101087092209
"X2,X5,X8,X9",-0.16965432599351798
"X2,X5,X8,X10",-0.18296526050820572
"X2,X5,X8,X11",-0.27088317806750806
"X2,X5,X8,X12",-0.33765703046637735
"X2,X5,X8,X13",-0.22408975435702932
"X2,X5,X8,X14",-0.38864293919583676
"X2,X5,X8,X15",-0.004278067955346006
"X2,X5,X9,X10",0.31024685618994535
"X2,X5,X9,X11",0.12578568566955992
"X2,X5,X9,X12",0.037287818883297325
"X2,X5,X9,X13",0.20451462914374763
"X2,X5,X9,X14",-0.12903581395963362
"X2,X5,X9,X15",0.12179338268945702
"X2,X5,X10,X11",-0.27963783019663935
"X2,X5,X10,X12",-0.3058082961589391
"X2,X5,X10,X13",0.037409032005062626
"X2,X5,X10,X14",-0.3081809688151734
"X2,X5,X10,X15",-0.07606954961689501
"X2,X5,X11,X12",0.10604467695608001
"X2,X5,X11,X13",-0.06561392671859041
"X2,X5,X11,X14",-0.5342435943753892
"X2,X5,X11,X15",-0.15031300628831568
"X2,X5,X12,X13",-0.31868695442362155
"X2,X5,X12,X14",-0.2939334200331776
"X2,X5,X12,X15",-0.09124018259842885
"X2,X5,X13,X14",0.2438540476601071
"X2,X5,X13,X15",-0.023457355943052854
"X2,X5,X14,X15",-0.0605757521064942
"X2,X6,X7,X8",0.007790973391589773
"X2,X6,X7,X9",-0.04377594878387163
"X2,X6,X7,X10",-0.14386530065658715
"X2,X6,X7,X11",-0.354927438711562
"X2,X6,X7,X12",-0.17563680284030428
"X2,X6,X7,X13",-0.21116160759504246
"X2,X6,X7,X14",-0.2313932125834121
"X2,X6,X7,X15",-0.07220205218436417
"X2,X6,X8,X9",-0.25535376767330753
"X2,X6,X8,X10",-0.18961571906444774
"X2,X6,X8,X11",-0.1586607848850167
"X2,X6,X8,X12",-0.18425079023963273
"X2,X6,X8,X13",-0.15419551250635266
"X2,X6,X8,X14",-0.10534657107210511
"X2,X6,X8,X15",-0.028968415300328204
"X2,X6,X9,X10",0.11660330615033498
"X2,X6,X9,X11",-0.21897801059030644
"X2,X6,X9,X12",-0.24018004060318301
"X2,X6,X9,X13",-0.1688411303678852
"X2,X6,X9,X14",-0.18746591940837565
"X2,X6,X9,X15",-0.1282278811264754
"X2,X6,X10,X11",-0.051485118893289
"X2,X6,X10,X12",-0.05163691802795676
"X2,X6,X10,X13",-0.10517908396296248
"X2,X6,X10,X14",-0.2229710613490815
"X2,X6,X10,X15",-0.004811298738336161
"X2,X6,X11,X12",0.19573957187897847
"X2,X6,X11,X13",-0.21685396616531996
"X2,X6,X11,X14",-0.32240837747804435
"X2,X6,X11,X15",-0.15016924223750613
"X2,X6,X12,X13",-0.15273867442102831
"X2,X6,X12,X14",-0.3054676957374926
"X2,X6,X12,X15",-0.21120240892760983
"X2,X6,X13,X14",0.10468763581616852
"X2,X6,X13,X15",0.02522441558471934
"X2,X6,X14,X15",-0.09890589271132658
"X2,X7,X8,X9",-0.020364465153820895
"X2,X7,X8,X10",-0.06409626294355932
"X2,X7,X8,X11",0.24936140174730514
"X2,X7,X8,X12",0.04226569744516362
"X2,X7,X8,X13",0.009886140496685647
"X2,X7,X8,X14",-0.030590216046315274
"X2,X7,X8,X15",0.002099350452831982
"X2,X7,X9,X10",0.2824839495780362
"X2,X7,X9,X11",-0.25275704180161895
"X2,X7,X9,X12",-0.23235422666929562
"X2,X7,X9,X13",-0.007664022357211022
"X2,X7,X9,X14",-0.12951159876052232
"X2,X7,X9,X15",-0.17977064243350585
"X2,X7,X10,X11",-0.17335288478073904
"X2,X7,X10,X12",-0.035594271538617814
"X2,X7,X10,X13",-0.09845622155805377
"X2,X7,X10,X14",-0.16721832304613016
"X2,X7,X10,X15",-0.24601130752460332
"X2,X7,X11,X12",0.05462814643638464
"X2,X7,X11,X13",-0.08800334204522754
"X2,X7,X11,X14",-0.37266127410140787
"X2,X7,X11,X15",-0.25298649618368235
"X2,X7,X12,X13",-0.22549324202358678
"X2,X7,X12,X14",-0.22594562548266361
"X2,X7,X12,X15",-0.09855265620353972
"X2,X7,X13,X14",0.2532119761889755
"X2,X7,X13,X15",-0.2920513454918833
"X2,X7,X14,X15",-0.21600084573868045
"X2,X8,X9,X10",0.0907260118459831
"X2,X8,X9,X11",0.03678916661002515
"X2,X8,X9,X12",-0.09477147256696451
"X2,X8,X9,X13",0.021562496095494273
"X2,X8,X9,X14",-0.14301577492064343
"X2,X8,X9,X15",-0.22549665451215314
"X2,X8,X10,X11",-0.03199157556046374
"X2,X8,X10,X12",-0.0966681239489937
"X2,X8,X10,X13",-0.1312968805558898
"X2,X8,X10,X14",-0.20563224152245035
"X2,X8,X10,X15",-0.24633853171514078
"X2,X8,X11,X12",0.21052265540209913
"X2,X8,X11,X13",-0.11344363531087022
"X2,X8,X11,X14",-0.13838880304120654
"X2,X8,X11,X15",-0.0009577000309684254
"X2,X8,X12,X13",-0.057233696630419384
"X2,X8,X12,X14",-0.2324757206388448
"X2,X8,X12,X15",-0.1363721587724197
"X2,X8,X13,X14",0.35102251613340674
"X2,X8,X13,X15",-0.057730429118397514
"X2,X8,X14,X15",0.02087179736853966
"X2,X9,X10,X11",0.362775576951968
"X2,X9,X10,X12",0.23126990051318944
"X2,X9,X10,X13",0.24298406545513923
"X2,X9,X10,X14",0.07292137802814792
"X2,X9,X10,X15",-0.0868956702671668
"X2,X9,X11,X12",0.18257371751161705
"X2,X9,X11,X13",0.09481279873524501
"X2,X9,X11,X14",-0.16442524436719494
"X2,X9,X11,X15",-0.11516060881783499
"X2,X9,X12,X13",-0.16791371165954444
"X2,X9,X12,X14",-0.13132503008275542
"X2,X9,X12,X15",-0.12370075253579295
"X2,X9,X13,X14",0.3710347719200506
"X2,X9,X13,X15",0.021780195455698703
"X2,X9,X14,X15",-0.27430285517642233
"X2,X10,X11,X12",0.3128504507117207
"X2,X10,X11,X13",-0.06092035979367106
"X2,X10,X11,X14",-0.2667860087244702
"X2,X10,X11,X15",-0.23500236182395168
"X2,X10,X12,X13",-0.17713947593282164
"X2,X10,X12,X14",-0.2272766973932525
"X2,X10,X12,X15",0.0016941726797697768
"X2,X10,X13,X14",0.1618398129938013
"X2,X10,X13,X15",-0.16137550003336296
"X2,X10,X14,X15",-0.2207599466900701
"X2,X11,X12,X13",0.20743842179027663
"X2,X11,X12,X14",-0.11403732440005522
"X2,X11,X12,X15",0.1720336574884033
"X2,X11,X13,X14",0.2001945425793401
"X2,X11,X13,X15",-0.12380161323099449
"X2,X11,X14,X15",-0.16372788072341515
"X2,X12,X13,X14",0.11348013373851316
"X2,X12,X13,X15",-0.31374819918420843
"X2,X12,X14,X15",-0.06096218078204678
"X2,X13,X14,X15",0.2750466258747204
"X3,X4,X5,X6",0.581577273789748
"X3,X4,X5,X7",0.12872771613140122
"X3,X4,X5,X8",0.08253922033016191
"X3,X4,X5,X9",0.10444420098066846
"X3,X4,X5,X10",0.19791011636493502
"X3,X4,X5,X11",0.11912907861927166
"X3,X4,X5,X12",0.11701061235306602
"X3,X4,X5,X13",0.303610284534557
"X3,X4,X5,X14",-0.03273215114415557
"X3,X4,X5,X15",0.15754140714527615
"X3,X4,X6,X7",0.26262628766223767
"X3,X4,X6,X8",-0.04193436198964644
"X3,X4,X6,X9",-0.032279076080657554
"X3,X4,X6,X10",0.3542104646301267
"X3,X4,X6,X11",0.10861394303949637
"X3,X4,X6,X12",0.2705284486146796
"X3,X4,X6,X13",0.027687356940364963
"X3,X4,X6,X14",0.18595399400322346
"X3,X4,X6,X15",0.2999753140779777
"X3,X4,X7,X8",0.3464874794556253
"X3,X4,X7,X9",0.10681207519776971
"X3,X4,X7,X10",0.16349840528758022
"X3,X4,X7,X11",0.1407709763062277
"X3,X4,X7,X12",0.2185972373931544
"X3,X4,X7,X13",0.17544251936713876
"X3,X4,X7,X14",0.15219026125860421
"X3,X4,X7,X15",0.24439201819813178
"X3,X4,X8,X9",0.13046878767352477
"X3,X4,X8,X10",0.11761192554819735
"X3,X4,X8,X11",-0.02329865505055956
"X3,X4,X8,X12",0.13740365616110384
"X3,X4,X8,X13",0.18760721317843743
"X3,X4,X8,X14",0.1784219634640563
"X3,X4,X8,X15",0.33176720472134186
"X3,X4,X9,X10",0.38446875555357607
"X3,X4,X9,X11",0.08849469113064355
"X3,X4,X9,X12",0.2000724709968237
"X3,X4,X9,X13",0.15276263260826256
"X3,X4,X9,X14",0.056395471773089095
"X3,X4,X9,X15",-0.06837135702059034
"X3,X4,X10,X11",0.09161200017802519
"X3,X4,X10,X12",0.34161034127261203
"X3,X4,X10,X13",0.13698105860487644
"X3,X4,X10,X14",0.16821827297132474
"X3,X4,X10,X15",0.20131438878196486
"X3,X4,X11,X12",0.4443045581158708
"X3,X4,X11,X13",0.16064744728571478
"X3,X4,X11,X14",0.021716933973540013
"X3,X4,X11,X15",0.17896833431953293
"X3,X4,X12,X13",0.18885159825746997
"X3,X4,X12,X14",0.2938147230850685
"X3,X4,X12,X15",0.1086396419101229
"X3,X4,X13,X14",0.4760234892072044
"X3,X4,X13,X15",0.22186067787659142
"X3,X4,X14,X15",0.2943537072004351
"X3,X5,X6,X7",0.04920812077679608
"X3,X5,X6,X8",0.32104142620736065
"X3,X5,X6,X9",0.3115094914204842
"X3,X5,X6,X10",0.4422464899386586
"X3,X5,X6,X11",0.12697943665498437
"X3,X5,X6,X12",0.19071459531979898
"X3,X5,X6,X13",0.24326339167485775
"X3,X5,X6,X14",0.34467595103728227
"X3,X5,X6,X15",0.2672493731273716
"X3,X5,X7,X8",0.14970342004219034
"X3,X5,X7,X9",-0.011339075714370048
"X3,X5,X7,X10",0.032995226697680215
"X3,X5,X7,X11",-0.21921342625629095
"X3,X5,X7,X12",-0.030953664233593792
"X3,X5,X7,X13",-0.2742164972742427
"X3,X5,X7,X14",-0.12078249330920808
"X3,X5,X7,X15",-0.19641582359986898
"X3,X5,X8,X9",-0.09621317913162285
"X3,X5,X8,X10",0.02288869699175128
"X3,X5,X8,X11",-0.04037261235165694
"X3,X5,X8,X12",-0.15516651933556394
"X3,X5,X8,X13",0.024629915587046986
"X3,X5,X8,X14",-0.16237229612555468
"X3,X5,X8,X15",-0.0277153609458274
"X3,X5,X9,X10",0.2749143168202548
"X3,X5,X9,X11",-0.012532330178159983
"X3,X5,X9,X12",0.01797702830529767
"X3,X5,X9,X13",-0.0625557142090818
"X3,X5,X9,X14",-0.14035897367352868
"X3,X5,X9,X15",0.057721953650917465
"X3,X5,X10,X11",-0.1309012293955794
"X3,X5,X10,X12",0.1580187060451718
"X3,X5,X10,X13",0.11058808582756821
"X3,X5,X10,X14",0.04543883191256577
"X3,X5,X10,X15",-0.1044141474965087
"X3,X5,X11,X12",0.23997687857629493
"X3,X5,X11,X13",0.03288434042297316
"X3,X5,X11,X14",-0.30804426998505197
"X3,X5,X11,X15",-0.060023231691534264
"X3,X5,X12,X13",-0.10758101448184897
"X3,X5,X12,X14",-0.09434380625285455
"X3,X5,X12,X15",-0.036144681374010716
"X3,X5,X13,X14",0.30805728417829176
"X3,X5,X13,X15",-0.10648192721745957
"X3,X5,X14,X15",-0.11209285259667767
"X3,X6,X7,X8",0.28348558452511746
"X3,X6,X7,X9",-0.08438592702579266
"X3,X6,X7,X10",-0.11171572570565515
"X3,X6,X7,X11",-0.08176718958446674
"X3,X6,X7,X12",-0.10657957612500439
"X3,X6,X7,X13",-0.21843986253529515
"X3,X6,X7,X14",-0.07635655050756464
"X3,X6,X7,X15",-0.01968621373099217
"X3,X6,X8,X9",-0.22600140668321278
"X3,X6,X8,X10",-0.0903401688542406
"X3,X6,X8,X11",-0.17392188126245006
"X3,X6,X8,X12",-0.14174692370007083
"X3,X6,X8,X13",-0.1294721306189939
"X3,X6,X8,X14",0.10400747346082191
"X3,X6,X8,X15",0.059927453911491776
"X3,X6,X9,X10",0.03977812012314462
"X3,X6,X9,X11",-0.2502897394407324
"X3,X6,X9,X12",-0.1942594905133192
"X3,X6,X9,X13",-0.294722240339421
"X3,X6,X9,X14",-0.10275387299540353
"X3,X6,X9,X15",-0.26057360909873095
"X3,X6,X10,X11",-0.03466254064942447
"X3,X6,X10,X12",0.05548454174302442
"X3,X6,X10,X13",-0.2701988365346198
"X3,X6,X10,X14",0.036739871387723125
"X3,X6,X10,X15",-0.0005251149301973117
"X3,X6,X11,X12",0.18800656087354287
"X3,X6,X11,X13",-0.25742725004237943
"X3,X6,X11,X14",-0.17434043648233166
"X3,X6,X11,X15",-0.139936203117122
"X3,X6,X12,X13",-0.3121367227130765
"X3,X6,X12,X14",-0.11313938255882046
"X3,X6,X12,X15",-0.11883596600283294
"X3,X6,X13,X14",0.34811336519151176
"X3,X6,X13,X15",0.02957277841658655
"X3,X6,X14,X15",0.16233069044018805
"X3,X7,X8,X9",0.2144564389552953
"X3,X7,X8,X10",0.2755164241147099
"X3,X7,X8,X11",0.25294347399262085
"X3,X7,X8,X12",0.21243823349672464
"X3,X7,X8,X13",0.2660058951605205
"X3,X7,X8,X14",0.25030463024851135
"X3,X7,X8,X15",0.09004435267023579
"X3,X7,X9,X10",0.18011795512495657
"X3,X7,X9,X11",-0.09638200323796632
"X3,X7,X9,X12",-0.013995223952617349
"X3,X7,X9,X13",-0.03958835736678538
"X3,X7,X9,X14",-0.19585144094832713
"X3,X7,X9,X15",-0.19882832562389427
"X3,X7,X10,X11",0.0041365121487342916
"X3,X7,X10,X12",0.04573803107206986
"X3,X7,X10,X13",-0.24854447468386784
"X3,X7,X10,X14",-0.14725718821883868
"X3,X7,X10,X15",-0.0982175748091425
"X3,X7,X11,X12",0.3187826734944839
"X3,X7,X11,X13",-0.12680906363951686
"X3,X7,X11,X14",-0.24363284886027206
"X3,X7,X11,X15",-0.06474748297705277
"X3,X7,X12,X13",-0.18610535303953998
"X3,X7,X12,X14",-0.22616968713877886
"X3,X7,X12,X15",-0.12117475467037084
"X3,X7,X13,X14",0.13620791640894286
"X3,X7,X13,X15",-0.16789493706907346
"X3,X7,X14,X15",-0.05032644503002076
"X3,X8,X9,X10",0.19022200995218666
"X3,X8,X9,X11",-0.21355294903647506
"X3,X8,X9,X12",-0.28309440168436595
"X3,X8,X9,X13",-0.07226126211014568
"X3,X8,X9,X14",-0.10368983783695536
"X3,X8,X9,X15",0.012651114077444571
"X3,X8,X10,X11",-0.1561723753562395
"X3,X8,X10,X12",-0.017253104117054496
"X3,X8,X10,X13",0.06305446265256441
"X3,X8,X10,X14",-0.04442979627631834
"X3,X8,X10,X15",-0.01646220907707558
"X3,X8,X11,X12",0.18474775341017946
"X3,X8,X11,X13",0.1959742300658959
"X3,X8,X11,X14",-0.16132332232780136
"X3,X8,X11,X15",-0.12530779996334515
"X3,X8,X12,X13",-0.10518705398146826
"X3,X8,X12,X14",-0.07524371385305892
"X3,X8,X12,X15",0.032415853471519734
"X3,X8,X13,X14",0.4871262585726605
"X3,X8,X13,X15",-0.0060845922293773
"X3,X8,X14,X15",0.1970597937187685
"X3,X9,X10,X11",0.1826308915187798
"X3,X9,X10,X12",0.2394676493461888
"X3,X9,X10,X13",0.05153997000758739
"X3,X9,X10,X14",0.08305817443690171
"X3,X9,X10,X15",-0.026408517180331825
"X3,X9,X11,X12",0.14946873131264554
"X3,X9,X11,X13",-0.03892618537825554
"X3,X9,X11,X14",-0.3996399970915164
"X3,X9,X11,X15",-0.19258495433255535
"X3,X9,X12,X13",-0.23430019561011442
"X3,X9,X12,X14",-0.24486710141108808
"X3,X9,X12,X15",-0.08885052552779608
"X3,X9,X13,X14",0.26060925291651316
"X3,X9,X13,X15",-0.27500452762413036
"X3,X9,X14,X15",-0.2274089236681838
"X3,X10,X11,X12",0.25572885271117146
"X3,X10,X11,X13",-0.1047302557027751
"X3,X10,X11,X14",-0.39839231955323173
"X3,X10,X11,X15",-0.11572427114984753
"X3,X10,X12,X13",-0.20301279643991701
"X3,X10,X12,X14",-0.14751963972685045
"X3,X10,X12,X15",-0.05717768219899546
"X3,X10,X13,X14",0.3361562417217666
"X3,X10,X13,X15",-0.17346304147301647
"X3,X10,X14,X15",-0.11971085191727251
"X3,X11,X12,X13",0.18484992086783122
"X3,X11,X12,X14",-0.12124362403006834
"X3,X11,X12,X15",0.2508882776195892
"X3,X11,X13,X14",0.21893170776167722
"X3,X11,X13,X15",-0.05314119903765262
"X3,X11,X14,X15",-0.1754821369015499
"X3,X12,X13,X14",-0.07362735381200841
"X3,X12,X13,X15",-0.27175135205583245
"X3,X12,X14,X15",-0.008162289999207756
"X3,X13,X14,X15",0.3553737694916642
"X4,X5,X6,X7",0.2571706876088502
"X4,X5,X6,X8",0.06920769256729484
"X4,X5,X6,X9",0.19621912087627286
"X4,X5,X6,X10",0.40075803681966576
"X4,X5,X6,X11",0.07644207670014733
"X4,X5,X6,X12",0.22412551763413044
"X4,X5,X6,X13",0.25434350512583814
"X4,X5,X6,X14",0.013626281094108097
"X4,X5,X6,X15",0.37355828417002085
"X4,X5,X7,X8",0.020858463976998948
"X4,X5,X7,X9",-0.02899069758049506
"X4,X5,X7,X10",0.032534312271308624
"X4,X5,X7,X11",-0.18541070200566398
"X4,X5,X7,X12",-0.1935558853590747
"X4,X5,X7,X13",-0.1351430441333253
"X4,X5,X7,X14",-0.19346092332435014
"X4,X5,X7,X15",-0.1314790638611659
"X4,X5,X8,X9",-0.12676703989598115
"X4,X5,X8,X10",-0.1789363683245847
"X4,X5,X8,X11",-0.28826674286308973
"X4,X5,X8,X12",-0.2748932381186202
"X4,X5,X8,X13",-0.2955083109236684
"X4,X5,X8,X14",-0.42717598756863506
"X4,X5,X8,X15",-0.03733640120894055
"X4,X5,X9,X10",0.24010315420865053
"X4,X5,X9,X11",0.008220736574252034
"X4,X5,X9,X12",-0.009466935323921719
"X4,X5,X9,X13",0.026423651330431727
"X4,X5,X9,X14",-0.11771733882130386
"X4,X5,X9,X15",0.011083766900133348
"X4,X5,X10,X11",-0.10957352431902104
"X4,X5,X10,X12",-0.06966586630704596
"X4,X5,X10,X13",0.08393029686075101
"X4,X5,X10,X14",-0.14709621607989976
"X4,X5,X10,X15",-0.003176435675972946
"X4,X5,X11,X12",0.12625129903274074
"X4,X5,X11,X13",-0.07564742861422213
"X4,X5,X11,X14",-0.30297805249708054
"X4,X5,X11,X15",-0.10178619041414254
"X4,X5,X12,X13",-0.46704042211899577
"X4,X5,X12,X14",-0.30337248892660623
"X4,X5,X12,X15",0.02581000462567607
"X4,X5,X13,X14",0.19669218282726755
"X4,X5,X13,X15",-0.12744637215322752
"X4,X5,X14,X15",-0.1700284758351886
"X4,X6,X7,X8",0.11054240975169945
"X4,X6,X7,X9",0.016565556405370545
"X4,X6,X7,X10",0.11559683789941082
"X4,X6,X7,X11",-0.004577026738760673
"X4,X6,X7,X12",0.02846506393081151
"X4,X6,X7,X13",-0.07589657834827533
"X4,X6,X7,X14",0.028600867370905607
"X4,X6,X7,X15",-0.10578481467163292
"X4,X6,X8,X9",-0.31408844944290404
"X4,X6,X8,X10",-0.05878317660010637
"X4,X6,X8,X11",-0.205486264938338
"X4,X6,X8,X12",-0.014226279978679365
"X4,X6,X8,X13",-0.32303772121591556
"X4,X6,X8,X14",-0.18608544360960314
"X4,X6,X8,X15",-0.03416331109725929
"X4,X6,X9,X10",0.17614577832262387
"X4,X6,X9,X11",-0.22250283618122127
"X4,X6,X9,X12",-0.20581156548373403
"X4,X6,X9,X13",-0.3511292451715913
"X4,X6,X9,X14",-0.27972328407527286
"X4,X6,X9,X15",-0.2298157872778267
"X4,X6,X10,X11",-0.15738580700631477
"X4,X6,X10,X12",0.001608708204080547
"X4,X6,X10,X13",-0.10773952555413596
"X4,X6,X10,X14",-0.24547926290717353
"X4,X6,X10,X15",-0.0003299962054218366
"X4,X6,X11,X12",0.37038651234195846
"X4,X6,X11,X13",-0.11616658768114689
"X4,X6,X11,X14",-0.366638769072811
"X4,X6,X11,X15",-0.10292896189708037
"X4,X6,X12,X13",-0.15910957282366897
"X4,X6,X12,X14",-0.23034741237411263
"X4,X6,X12,X15",0.0895649110817713
"X4,X6,X13,X14",0.16517261358100682
"X4,X6,X13,X15",-0.2889369650661342
"X4,X6,X14,X15",-0.1177019269684123
"X4,X7,X8,X9",0.09765369979811848
"X4,X7,X8,X10",0.18452283490272653
"X4,X7,X8,X11",0.20138982188583707
"X4,X7,X8,X12",0.09708470057971702
"X4,X7,X8,X13",0.1401889083171153
"X4,X7,X8,X14",0.0848678140851594
"X4,X7,X8,X15",0.12718051198272923
"X4,X7,X9,X10",0.35172004875147833
"X4,X7,X9,X11",0.03677720366287727
"X4,X7,X9,X12",-0.021625084010646087
"X4,X7,X9,X13",3.2820128728505964e-05
"X4,X7,X9,X14",-0.04492115462570096
"X4,X7,X9,X15",-0.16335133368103338
"X4,X7,X10,X11",-0.017157198482410842
"X4,X7,X10,X12",-0.06481881250069912
"X4,X7,X10,X13",-0.08787823813684821
"X4,X7,X10,X14",0.03422586734715917
"X4,X7,X10,X15",-0.21039902428915977
"X4,X7,X11,X12",0.3141223798526593
"X4,X7,X11,X13",-0.01754141962244928
"X4,X7,X11,X14",-0.30300867936340936
"X4,X7,X11,X15",-0.1534541421431273
"X4,X7,X12,X13",-0.1275699992032515
"X4,X7,X12,X14",-0.27425256065210485
"X4,X7,X12,X15",-0.1237305417381579
"X4,X7,X13,X14",0.2822723718392904
"X4,X7,X13,X15",0.029669051782937654
"X4,X7,X14,X15",-0.17800173363528726
"X4,X8,X9,X10",0.1101499869104415
"X4,X8,X9,X11",-0.10859634199837993
"X4,X8,X9,X12",-0.04448638455651613
"X4,X8,X9,X13",-0.12008948874297293
"X4,X8,X9,X14",-0.030338247374502806
"X4,X8,X9,X15",-0.18299165171273463
"X4,X8,X10,X11",-0.12308874674990554
"X4,X8,X10,X12",-0.13808744955003288
"X4,X8,X10,X13",-0.19475748645269758
"X4,X8,X10,X14",-0.2027448439231403
"X4,X8,X10,X15",-0.1237150790107555
"X4,X8,X11,X12",0.1636619585749659
"X4,X8,X11,X13",-0.05993261569105217
"X4,X8,X11,X14",-0.26875225782462453
"X4,X8,X11,X15",-0.07556533059336139
"X4,X8,X12,X13",-0.1495039264648597
"X4,X8,X12,X14",-0.0723475291294567
"X4,X8,X12,X15",-0.18859412334956674
"X4,X8,X13,X14",0.307555254396557
"X4,X8,X13,X15",-0.020097475939603655
"X4,X8,X14,X15",-0.07660338325280243
"X4,X9,X10,X11",0.25419238900051316
"X4,X9,X10,X12",0.32429048455390663
"X4,X9,X10,X13",0.20620703659486375
"X4,X9,X10,X14",0.35230500682164595
"X4,X9,X10,X15",-0.042659842394370144
"X4,X9,X11,X12",0.3249458627424441
"X4,X9,X11,X13",-0.04615528198283895
"X4,X9,X11,X14",-0.23406838291454776
"X4,X9,X11,X15",-0.21493893943199838
"X4,X9,X12,X13",-0.090702559197343
"X4,X9,X12,X14",-0.1172177875224635
"X4,X9,X12,X15",-0.18637126850121646
"X4,X9,X13,X14",0.41739189032391427
"X4,X9,X13,X15",-0.15734986337543688
"X4,X9,X14,X15",-0.21060350363240232
"X4,X10,X11,X12",0.15785542087320284
"X4,X10,X11,X13",-0.08576274166623495
"X4,X10,X11,X14",-0.3087766418953322
"X4,X10,X11,X15",-0.06570403676386327
"X4,X10,X12,X13",-0.25676634889668476
"X4,X10,X12,X14",-0.24556477436615892
"X4,X10,X12,X15",-0.06396105251811274
"X4,X10,X13,X14",0.20689925103433923
"X4,X10,X13,X15",-0.23581023276378668
"X4,X10,X14,X15",-0.25667746740128505
"X4,X11,X12,X13",0.22055414190022427
"X4,X11,X12,X14",-0.029658154470653918
"X4,X11,X12,X15",0.24529159023206695
"X4,X11,X13,X14",0.11723324621396944
"X4,X11,X13,X15",-0.03448031517701036
"X4,X11,X14,X15",-0.0660247469815912
"X4,X12,X13,X14",0.1400449949936952
"X4,X12,X13,X15",-0.2987212557371898
"X4,X12,X14,X15",-0.16184201138903354
"X4,X13,X14,X15",0.14552116407438642
"X5,X6,X7,X8",0.39102849887422547
"X5,X6,X7,X9",0.32479761211201424
"X5,X6,X7,X10",0.38127410618816254
"X5,X6,X7,X11",0.26384557449817175
"X5,X6,X7,X12",0.22079928482001598
"X5,X6,X7,X13",0.05832537859996799
"X5,X6,X7,X14",0.0892010107354771
"X5,X6,X7,X15",0.3473723199818472
"X5,X6,X8,X9",0.31661364313261353
"X5,X6,X8,X10",0.3714436256905328
"X5,X6,X8,X11",0.11187928946144533
"X5,X6,X8,X12",0.16394653795440833
"X5,X6,X8,X13",0.20150763421594195
"X5,X6,X8,X14",0.07274586793881321
"X5,X6,X8,X15",0.4028223265955631
"X5,X6,X9,X10",0.66057677209563
"X5,X6,X9,X11",0.3955016757150354
"X5,X6,X9,X12",0.28830924242466005
"X5,X6,X9,X13",0.286026264046701
"X5,X6,X9,X14",0.321049292186059
"X5,X6,X9,X15",0.25415816252510715
"X5,X6,X10,X11",0.28505372159958914
"X5,X6,X10,X12",0.301803544165786
"X5,X6,X10,X13",0.30684654185676313
"X5,X6,X10,X14",0.34020432813998847
"X5,X6,X10,X15",0.4226717275082627
"X5,X6,X11,X12",0.6779395000330161
"X5,X6,X11,X13",0.24649045199007355
"X5,X6,X11,X14",0.04066340656078661
"X5,X6,X11,X15",0.21187137376458734
"X5,X6,X12,X13",-0.019598556998966416
"X5,X6,X12,X14",0.16231245282301232
"X5,X6,X12,X15",0.4357347586779515
"X5,X6,X13,X14",0.4967502941927701
"X5,X6,X13,X15",0.13001416036600044
"X5,X6,X14,X15",0.4068098947646348
"X5,X7,X8,X9",0.09787288655536135
"X5,X7,X8,X10",0.31172486109779796
"X5,X7,X8,X11",0.19598948755641454
"X5,X7,X8,X12",0.07567934653085664
"X5,X7,X8,X13",-0.06523154665776999
"X5,X7,X8,X14",0.005026625989482705
"X5,X7,X8,X15",0.3100936785014601
"X5,X7,X9,X10",0.4307930728709139
"X5,X7,X9,X11",-0.04966171054044888
"X5,X7,X9,X12",0.043427006860772284
"X5,X7,X9,X13",-0.055886556387218775
"X5,X7,X9,X14",-0.14572346482314016
"X5,X7,X9,X15",-0.014163784808152259
"X5,X7,X10,X11",-0.02702201055441286
"X5,X7,X10,X12",0.010210040153320145
"X5,X7,X10,X13",0.057492930539567305
"X5,X7,X10,X14",-0.1198841586438906
"X5,X7,X10,X15",0.10535522735393509
"X5,X7,X11,X12",0.16465976739963528
"X5,X7,X11,X13",0.02822923874572993
"X5,X7,X11,X14",-0.378129511465151
"X5,X7,X11,X15",-0.22228837359799686
"X5,X7,X12,X13",-0.267593651648007
"X5,X7,X12,X14",-0.2614960832464852
"X5,X7,X12,X15",0.01937396708772793
"X5,X7,X13,X14",0.262326675611051
"X5,X7,X13,X15",-0.033425959405438986
"X5,X7,X14,X15",-0.11430748366553914
"X5,X8,X9,X10",0.3523987979864283
"X5,X8,X9,X11",-0.21756696161042255
"X5,X8,X9,X12",-0.2113188288748238
"X5,X8,X9,X13",0.00961644653638398
"X5,X8,X9,X14",-0.09800734196735397
"X5,X8,X9,X15",0.11127164940171663
"X5,X8,X10,X11",-0.019877159248372935
"X5,X8,X10,X12",-0.1610625633119506
"X5,X8,X10,X13",-0.058892009539575046
"X5,X8,X10,X14",-0.0669541711556298
"X5,X8,X10,X15",-0.1403480054237235
"X5,X8,X11,X12",0.10782065222001307
"X5,X8,X11,X13",-0.07479995309580574
"X5,X8,X11,X14",-0.23071147012183554
"X5,X8,X11,X15",0.0774723235708288
"X5,X8,X12,X13",-0.3205600078018772
"X5,X8,X12,X14",-0.2467747984374194
"X5,X8,X12,X15",-0.036478748445465135
"X5,X8,X13,X14",0.2956525008515416
"X5,X8,X13,X15",-0.09791511663589499
"X5,X8,X14,X15",0.04121843323524668
"X5,X9,X10,X11",0.3867504627938032
"X5,X9,X10,X12",0.4184188456088537
"X5,X9,X10,X13",0.3188303899132027
"X5,X9,X10,X14",0.2869394115780298
"X5,X9,X10,X15",0.24496288479802517
"X5,X9,X11,X12",0.287141677706848
"X5,X9,X11,X13",0.002463979442340794
"X5,X9,X11,X14",-0.16521152536875036
"X5,X9,X11,X15",0.15432161199654598
"X5,X9,X12,X13",-0.2016506438585345
"X5,X9,X12,X14",-0.16989542494048604
"X5,X9,X12,X15",0.11318831983081296
"X5,X9,X13,X14",0.40334110463470413
"X5,X9,X13,X15",0.11205579311059007
"X5,X9,X14,X15",0.08105431678928884
"X5,X10,X11,X12",0.18669661100800308
"X5,X10,X11,X13",0.10728260895093059
"X5,X10,X11,X14",-0.22059675064798148
"X5,X10,X11,X15",0.013708823081615855
"X5,X10,X12,X13",-0.07135036725505584
"X5,X10,X12,X14",-0.18327868031619213
"X5,X10,X12,X15",0.14107450995782891
"X5,X10,X13,X14",0.284839427623961
"X5,X10,X13,X15",-0.0654669170486008
"X5,X10,X14,X15",-0.09679982381431768
"X5,X11,X12,X13",0.13963392787761958
"X5,X11,X12,X14",0.13668645272282182
"X5,X11,X12,X15",0.37954908160448114
"X5,X11,X13,X14",0.1996367968658896
"X5,X11,X13,X15",-0.05574975903969498
"X5,X11,X14,X15",-0.10388868909545118
"X5,X12,X13,X14",0.07294045841122596
"X5,X12,X13,X15",-0.3807552442363445
"X5,X12,X14,X15",0.025406410685379893
"X5,X13,X14,X15",0.3449735333102877
"X6,X7,X8,X9",-0.07245606609754675
"X6,X7,X8,X10",0.26321194710909
"X6,X7,X8,X11",0.14129199083555996
"X6,X7,X8,X12",0.01107913794371994
"X6,X7,X8,X13",0.15282434773411194
"X6,X7,X8,X14",0.18961802316786353
"X6,X7,X8,X15",0.33098237417265397
"X6,X7,X9,X10",0.23463392260490015
"X6,X7,X9,X11",-0.18601897799853914
"X6,X7,X9,X12",-0.15429471706812212
"X6,X7,X9,X13",-0.2261052587934019
"X6,X7,X9,X14",-0.08970858291567833
"X6,X7,X9,X15",-0.1732712323254493
"X6,X7,X10,X11",-0.012128759076673042
"X6,X7,X10,X12",0.06128280745527185
"X6,X7,X10,X13",-0.04578509111833866
"X6,X7,X10,X14",0.050427342709770256
"X6,X7,X10,X15",-0.06647152718346357
"X6,X7,X11,X12",0.25757724861451514
"X6,X7,X11,X13",-0.13609624262934644
"X6,X7,X11,X14",-0.15521715518195098
"X6,X7,X11,X15",0.00969640656490512
"X6,X7,X12,X13",-0.38487489595737767
"X6,X7,X12,X14",-0.21899037935347154
"X6,X7,X12,X15",0.03776365348904115
"X6,X7,X13,X14",0.3137805772103523
"X6,X7,X13,X15",-0.08263354106604444
"X6,X7,X14,X15",-0.012730002435563548
"X6,X8,X9,X10",0.1186128993944527
"X6,X8,X9,X11",-0.3959997776365628
"X6,X8,X9,X12",-0.2697554167607754
"X6,X8,X9,X13",-0.34901586799039014
"X6,X8,X9,X14",-0.2472248520901685
"X6,X8,X9,X15",-0.254532530075336
"X6,X8,X10,X11",-0.08261055150742662
"X6,X8,X10,X12",-0.04070898418143386
"X6,X8,X10,X13",-0.07063352642240443
"X6,X8,X10,X14",-0.09066732681414594
"X6,X8,X10,X15",-0.1738212338162982
"X6,X8,X11,X12",0.21907193089602525
"X6,X8,X11,X13",-0.0387063438512842
"X6,X8,X11,X14",0.015360268783460758
"X6,X8,X11,X15",0.013100138855652272
"X6,X8,X12,X13",-0.23322367918677125
"X6,X8,X12,X14",-0.11160267819044836
"X6,X8,X12,X15",-0.1272789031616803
"X6,X8,X13,X14",0.2622103302415021
"X6,X8,X13,X15",0.007669055698243158
"X6,X8,X14,X15",0.009163298683177697
"X6,X9,X10,X11",0.14087830021742592
"X6,X9,X10,X12",0.15008705848821632
"X6,X9,X10,X13",0.0025846118197268507
"X6,X9,X10,X14",0.11917218968588496
"X6,X9,X10,X15",0.0006144792946249369
"X6,X9,X11,X12",0.09681675360991755
"X6,X9,X11,X13",-0.1549705320294822
"X6,X9,X11,X14",-0.14792911742682538
"X6,X9,X11,X15",-0.25468022244887145
"X6,X9,X12,X13",-0.31944836669163257
"X6,X9,X12,X14",-0.21663828722123335
"X6,X9,X12,X15",-0.15620086175048578
"X6,X9,X13,X14",0.20050848783348474
"X6,X9,X13,X15",-0.4286013692606584
"X6,X9,X14,X15",-0.1152745290980611
"X6,X10,X11,X12",0.2455518097416231
"X6,X10,X11,X13",-0.2044779631958069
"X6,X10,X11,X14",-0.22210330507452394
"X6,X10,X11,X15",-0.16218643232001953
"X6,X10,X12,X13",-0.15042965896643107
"X6,X10,X12,X14",-0.09137943407509277
"X6,X10,X12,X15",0.06616542036957991
"X6,X10,X13,X14",0.19479183915410994
"X6,X10,X13,X15",-0.25569403702094684
"X6,X10,X14,X15",-0.02364300244491345
"X6,X11,X12,X13",0.1244680697843671
"X6,X11,X12,X14",0.14690520515733346
"X6,X11,X12,X15",0.3336230269623981
"X6,X11,X13,X14",0.143130725792036
"X6,X11,X13,X15",-0.03079166346884428
"X6,X11,X14,X15",0.0004111010220031021
"X6,X12,X13,X14",0.05009176139747095
"X6,X12,X13,X15",-0.1872194614945418
"X6,X12,X14,X15",0.05813357676442033
"X6,X13,X14,X15",0.3391542921556907
"X7,X8,X9,X10",0.4051245884547599
"X7,X8,X9,X11",0.12475328767489811
"X7,X8,X9,X12",0.21634732109761345
"X7,X8,X9,X13",0.1891806373558566
"X7,X8,X9,X14",0.22250089674204537
"X7,X8,X9,X15",0.2371512088382485
"X7,X8,X10,X11",0.24351936180128786
"X7,X8,X10,X12",0.23049614573752406
"X7,X8,X10,X13",0.36400943416120723
"X7,X8,X10,X14",0.3423056198928949
"X7,X8,X10,X15",0.369213237556474
"X7,X8,X11,X12",0.6065376534538477
"X7,X8,X11,X13",0.28935138343173794
"X7,X8,X11,X14",0.15644176790130745
"X7,X8,X11,X15",0.147341645908564
"X7,X8,X12,X13",0.04924470399973072
"X7,X8,X12,X14",0.05266698141834049
"X7,X8,X12,X15",0.24855511056156243
"X7,X8,X13,X14",0.6603125717789576
"X7,X8,X13,X15",0.26086843258873466
"X7,X8,X14,X15",0.4303548465066475
"X7,X9,X10,X11",0.3248128000823232
"X7,X9,X10,X12",0.22069316787148346
"X7,X9,X10,X13",0.3192361639704742
"X7,X9,X10,X14",0.2072261383320235
"X7,X9,X10,X15",0.10045148863811995
"X7,X9,X11,X12",0.2544708234077029
"X7,X9,X11,X13",0.08609690312340833
"X7,X9,X11,X14",-0.20928434425873624
"X7,X9,X11,X15",-0.29569447330537807
"X7,X9,X12,X13",-0.08643691306448366
"X7,X9,X12,X14",0.012882863307070992
"X7,X9,X12,X15",-0.11134252866877367
"X7,X9,X13,X14",0.34984848754228
"X7,X9,X13,X15",-0.1502975283826698
"X7,X9,X14,X15",0.11306833237523546
"X7,X10,X11,X12",0.384938262692457
"X7,X10,X11,X13",0.16681053132659313
"X7,X10,X11,X14",-0.13413118768568763
"X7,X10,X11,X15",-0.005960141040623186
"X7,X10,X12,X13",-0.11965337915186519
"X7,X10,X12,X14",-0.19150000378378856
"X7,X10,X12,X15",-0.043623885903687605
"X7,X10,X13,X14",0.5767581890896226
"X7,X10,X13,X15",-0.1517762668617312
"X7,X10,X14,X15",-0.22221152021870297
"X7,X11,X12,X13",0.22028297878154085
"X7,X11,X12,X14",0.2917304384555965
"X7,X11,X12,X15",0.19341612559860408
"X7,X11,X13,X14",0.22002984239782786
"X7,X11,X13,X15",-0.009707071748792956
"X7,X11,X14,X15",-0.11139686049560807
"X7,X12,X13,X14",0.09653302088495844
"X7,X12,X13,X15",-0.2637196457289087
"X7,X12,X14,X15",-0.006838713351405875
"X7,X13,X14,X15",0.33820524441220706
"X8,X9,X10,X11",0.14460774161998577
"X8,X9,X10,X12",0.1248884076855172
"X8,X9,X10,X13",0.2291708072111827
"X8,X9,X10,X14",0.25457082934954134
"X8,X9,X10,X15",0.11823660747581366
"X8,X9,X11,X12",0.1764595170258984
"X8,X9,X11,X13",-0.034084182359988
"X8,X9,X11,X14",-0.24987477340758074
"X8,X9,X11,X15",-0.12450552608497283
"X8,X9,X12,X13",-0.21118484772609217
"X8,X9,X12,X14",0.017871638350987533
"X8,X9,X12,X15",-0.08420097748900061
"X8,X9,X13,X14",0.2886751589246887
"X8,X9,X13,X15",0.1471786614993838
"X8,X9,X14,X15",0.05038121916403434
"X8,X10,X11,X12",0.32203574191782053
"X8,X10,X11,X13",0.03950848345018481
"X8,X10,X11,X14",-0.09302310135469324
"X8,X10,X11,X15",-0.07552572908233167
"X8,X10,X12,X13",-0.12361748490764014
"X8,X10,X12,X14",-0.08154628236634788
"X8,X10,X12,X15",-0.23342162630946645
"X8,X10,X13,X14",0.3288753401820649
"X8,X10,X13,X15",-0.13100556557143384
"X8,X10,X14,X15",-0.24100101074812894
"X8,X11,X12,X13",0.25546499499047814
"X8,X11,X12,X14",0.2874314930888487
"X8,X11,X12,X15",0.3026769889548453
"X8,X11,X13,X14",0.3855134395824718
"X8,X11,X13,X15",-0.03175384576656797
"X8,X11,X14,X15",-0.08602729327944417
"X8,X12,X13,X14",0.17304245626122428
"X8,X12,X13,X15",-0.23434642393942046
"X8,X12,X14,X15",-0.005558064482951818
"X8,X13,X14,X15",0.4569616276142262
"X9,X10,X11,X12",0.38650576234687384
"X9,X10,X11,X13",0.3389047977071987
"X9,X10,X11,X14",0.0752166220094572
"X9,X10,X11,X15",0.09372589336296858
"X9,X10,X12,X13",0.016337861403924337
"X9,X10,X12,X14",0.18728420596647335
"X9,X10,X12,X15",0.12227853515731806
"X9,X10,X13,X14",0.5552741799218284
"X9,X10,X13,X15",0.0664336436017504
"X9,X10,X14,X15",-0.10441342422850866
"X9,X11,X12,X13",0.08044589692167359
"X9,X11,X12,X14",0.10346441037241523
"X9,X11,X12,X15",0.3008518578149727
"X9,X11,X13,X14",0.21003496913691455
"X9,X11,X13,X15",-0.12594882596747164
"X9,X11,X14,X15",-0.15279127305821924
"X9,X12,X13,X14",0.18646442179296552
"X9,X12,X13,X15",-0.2712270156347186
"X9,X12,X14,X15",-0.028749495313743392
"X9,X13,X14,X15",0.3915998608264179
"X10,X11,X12,X13",0.17127793045279424
"X10,X11,X12,X14",0.09806911970537897
"X10,X11,X12,X15",0.23286187275611014
"X10,X11,X13,X14",0.1994133008135994
"X10,X11,X13,X15",-0.04145290697170139
"X10,X11,X14,X15",-0.1457120715553125
"X10,X12,X13,X14",0.07478288098020289
"X10,X12,X13,X15",-0.05369611237052008
"X10,X12,X14,X15",0.037205037887802654
"X10,X13,X14,X15",0.27385003108232814
"X11,X12,X13,X14",0.39843982243506393
"X11,X12,X13,X15",0.11677369794759038
"X11,X12,X14,X15",0.3783357189304446
"X11,X13,X14,X15",0.253712641074729
"X12,X13,X14,X15",0.19333574814308277
intercept,-0.6836559533167212
